frame,leader_x,leader_y,f1_x,f1_y
0,-4.284084e-08,-5.1877578e-08,-1.4342368e-07,-1.5
1,0.0034175403,-2.3368193e-07,0.0034265453,-1.5000024
2,0.0067994613,-8.027491e-07,0.006805553,-1.5000025
3,0.0103217,7.3402043e-07,0.010317353,-1.5000005
4,0.01391227,-3.7405698e-08,0.013907021,-1.5000014
5,0.017375302,-5.492693e-07,0.01737101,-1.5000018
6,0.020757683,-8.026327e-07,0.020746633,-1.500004
7,0.024274481,6.880655e-07,0.024268225,-1.5000008
8,0.027850853,-1.6577324e-06,0.027844781,-1.5000035
9,0.031307634,-9.955984e-07,0.03130394,-1.5000035
10,0.034667403,-3.9851584e-06,0.034673475,-1.5000058
11,0.038200624,-1.240689e-06,0.038202923,-1.5000019
12,0.041775413,-4.907619e-06,0.04176695,-1.5000044
13,0.045231037,-4.434005e-06,0.04524085,-1.5000048
14,0.048602372,-6.55224e-06,0.04862131,-1.500005
15,0.052088015,-5.104316e-06,0.05214007,-1.500003
16,0.05564869,-8.047216e-06,0.055715896,-1.5000049
17,0.059109032,-8.261311e-06,0.05916453,-1.5000054
18,0.062487796,-1.0831944e-05,0.06255267,-1.5000064
19,0.06599489,-1.1194374e-05,0.06605222,-1.5000056
20,0.069572344,-1.2461234e-05,0.06964032,-1.5000069
21,0.073036134,-1.43032885e-05,0.07310124,-1.5000076
22,0.07641666,-1.6016776e-05,0.07650208,-1.5000081
23,0.079932824,-1.5563332e-05,0.08000691,-1.5000061
24,0.083498634,-1.7334714e-05,0.0835866,-1.5000079
25,0.08696304,-1.8935294e-05,0.08705008,-1.5000082
26,0.09034321,-1.813734e-05,0.090447396,-1.5000095
27,0.09385964,-1.7043109e-05,0.09395826,-1.5000081
28,0.09743495,-1.7805964e-05,0.09754178,-1.5000082
29,0.100890465,-1.7743376e-05,0.10100507,-1.5000092
30,0.10426168,-2.003619e-05,0.10440625,-1.5000093
31,0.10777745,-1.750754e-05,0.10790545,-1.500009
32,0.11135124,-1.9669948e-05,0.1114883,-1.5000098
33,0.11481958,-2.0302927e-05,0.11495055,-1.5000107
34,0.11820754,-2.0751213e-05,0.11834702,-1.5000117
35,0.1217202,-1.843048e-05,0.12184842,-1.5000104
36,0.12530206,-1.9695093e-05,0.12543002,-1.5000106
37,0.12875293,-1.909655e-05,0.12890132,-1.500014
38,0.13216226,-2.0525713e-05,0.1323191,-1.5000141
39,0.13566639,-2.0481486e-05,0.1358178,-1.5000132
40,0.13926321,-1.8188679e-05,0.13938208,-1.5000126
41,0.14269513,-1.880424e-05,0.14286655,-1.5000118
42,0.14609954,-1.8805564e-05,0.14625137,-1.500012
43,0.14960623,-1.852126e-05,0.14977166,-1.500011
44,0.15319161,-1.6642378e-05,0.15333052,-1.5000138
45,0.15665796,-1.9071631e-05,0.15677418,-1.5000137
46,0.16004008,-1.8240215e-05,0.16017821,-1.5000142
47,0.16356628,-1.5806232e-05,0.1636799,-1.5000132
48,0.16714863,-1.692227e-05,0.16726866,-1.5000112
49,0.17063007,-1.891004e-05,0.17072928,-1.5000145
50,0.17401168,-1.8589395e-05,0.17411683,-1.5000148
51,0.17754492,-1.5721977e-05,0.17762884,-1.5000132
52,0.18112102,-1.6378879e-05,0.18120573,-1.5000148
53,0.18459639,-1.7178689e-05,0.18466622,-1.5000155
54,0.18797942,-1.6818514e-05,0.18807136,-1.5000156
55,0.19150063,-1.398653e-05,0.1915673,-1.5000136
56,0.19507557,-1.4473691e-05,0.19515428,-1.5000117
57,0.1985407,-1.5882993e-05,0.198614,-1.5000142
58,0.20191427,-1.9932952e-05,0.2019697,-1.5000156
59,0.20543547,-1.6247286e-05,0.20551309,-1.5000116
60,0.20900606,-1.6841594e-05,0.20907398,-1.5000123
61,0.21248104,-1.617294e-05,0.2125462,-1.5000137
62,0.21586978,-1.6319973e-05,0.21591975,-1.5000149
63,0.21939124,-1.2410921e-05,0.21944341,-1.5000123
64,0.22295773,-1.4353187e-05,0.22302333,-1.5000116
65,0.22643313,-1.4336772e-05,0.22648227,-1.5000124
66,0.22981346,-1.5076723e-05,0.2298843,-1.5000136
67,0.23332644,-1.33989815e-05,0.23339257,-1.5000132
68,0.23690534,-1.4250058e-05,0.23696604,-1.5000106
69,0.24037193,-1.4081837e-05,0.24042867,-1.500013
70,0.24377048,-1.5934478e-05,0.24381329,-1.5000125
71,0.24726604,-1.45202575e-05,0.24732995,-1.5000104
72,0.25085482,-1.4720921e-05,0.25091222,-1.5000105
73,0.2543113,-1.610937e-05,0.2543715,-1.5000113
74,0.25771788,-1.5403974e-05,0.2577731,-1.5000125
75,0.26121593,-1.4532496e-05,0.2612683,-1.5000107
76,0.2648021,-1.3975172e-05,0.26485533,-1.5000106
77,0.268261,-1.5732832e-05,0.26832756,-1.5000126
78,0.27167195,-1.5884805e-05,0.27172822,-1.5000119
79,0.27516705,-1.4951518e-05,0.27523357,-1.5000098
80,0.27876142,-1.4301593e-05,0.2788092,-1.5000112
81,0.28221846,-1.4863632e-05,0.28227237,-1.5000114
82,0.2856111,-1.545209e-05,0.2856597,-1.5000119
83,0.2891185,-1.4038589e-05,0.28917316,-1.5000105
84,0.2927006,-1.619893e-05,0.29275182,-1.5000112
85,0.29616684,-1.5864483e-05,0.29621062,-1.5000114
86,0.29955646,-1.564977e-05,0.29960638,-1.5000125
87,0.30306998,-1.3557023e-05,0.3031107,-1.5000107
88,0.30665356,-1.4422505e-05,0.30669945,-1.5000118
89,0.31011087,-1.4092453e-05,0.31016228,-1.5000123
90,0.31350318,-1.547864e-05,0.3135563,-1.5000134
91,0.31701285,-1.3927536e-05,0.31706607,-1.5000124
92,0.32059994,-1.5454323e-05,0.32064873,-1.5000141
93,0.32406265,-1.5336103e-05,0.32411057,-1.5000137
94,0.32745975,-1.6389204e-05,0.32751167,-1.5000153
95,0.33095995,-1.4761979e-05,0.3310134,-1.5000144
96,0.33454394,-1.4662139e-05,0.33459938,-1.5000154
97,0.33801022,-1.4970887e-05,0.3380604,-1.5000155
98,0.34138432,-1.6661907e-05,0.3414516,-1.5000156
99,0.3449095,-1.2944627e-05,0.3449653,-1.5000137
100,0.34848276,-1.5492806e-05,0.34854522,-1.5000155
101,0.3519474,-1.4656282e-05,0.35200962,-1.5000161
102,0.35534698,-1.5418307e-05,0.35539198,-1.5000169
103,0.3588473,-1.4317171e-05,0.35891077,-1.5000145
104,0.36243063,-1.5443657e-05,0.36249128,-1.5000162
105,0.36589277,-1.4999947e-05,0.36595306,-1.5000168
106,0.36928248,-1.5652397e-05,0.3693511,-1.5000185
107,0.37279925,-1.3407247e-05,0.3728546,-1.5000172
108,0.37637958,-1.4888072e-05,0.37643817,-1.5000191
109,0.37984404,-1.4332851e-05,0.3798941,-1.5000188
110,0.3832346,-1.4630532e-05,0.38329542,-1.5000211
111,0.38674417,-1.265727e-05,0.386803,-1.5000193
112,0.39033005,-1.4437923e-05,0.39038262,-1.5000205
113,0.39378893,-1.3793397e-05,0.39384544,-1.5000204
114,0.39717954,-1.4260666e-05,0.39722738,-1.5000216
115,0.40069315,-1.2179247e-05,0.4007476,-1.5000193
116,0.4042784,-1.3613513e-05,0.40432647,-1.5000216
117,0.40774179,-1.3471064e-05,0.40779114,-1.5000219
118,0.41112694,-1.38260075e-05,0.41117248,-1.5000231
119,0.41464427,-1.1373959e-05,0.41469046,-1.500021
120,0.4182267,-1.2817196e-05,0.41827065,-1.5000246
121,0.4216906,-1.22252895e-05,0.4217245,-1.5000247
122,0.4250789,-1.1959819e-05,0.42512295,-1.5000262
123,0.4285923,-9.71905e-06,0.42862442,-1.500025
124,0.43217465,-1.1166179e-05,0.43221012,-1.5000273
125,0.43563762,-1.0501499e-05,0.43567097,-1.5000275
126,0.43902364,-1.1073731e-05,0.43907386,-1.5000296
127,0.44253772,-8.66787e-06,0.44257644,-1.5000287
128,0.44611835,-9.7486045e-06,0.44616455,-1.5000293
129,0.44958216,-9.181022e-06,0.44962785,-1.50003
130,0.45297006,-9.3038325e-06,0.45300972,-1.5000309
131,0.45648873,-6.9846283e-06,0.45653093,-1.5000286
132,0.46006978,-9.140786e-06,0.4601097,-1.5000321
133,0.4635293,-8.722622e-06,0.4635695,-1.5000318
134,0.46691704,-9.604613e-06,0.46697095,-1.5000339
135,0.47042966,-7.45368e-06,0.47047317,-1.5000325
136,0.47401258,-9.05092e-06,0.47405866,-1.5000347
137,0.47746816,-8.365678e-06,0.47751883,-1.5000353
138,0.48085317,-8.627219e-06,0.4809141,-1.5000372
139,0.48437193,-6.1596656e-06,0.4844175,-1.5000358
140,0.48795587,-8.395233e-06,0.488002,-1.5000378
141,0.49141586,-8.083363e-06,0.49146217,-1.5000381
142,0.49481186,-8.94034e-06,0.49486098,-1.5000399
143,0.49831286,-6.944996e-06,0.49836183,-1.5000387
144,0.501897,-7.726558e-06,0.5019486,-1.5000393
145,0.5053593,-7.119823e-06,0.5054131,-1.5000399
146,0.5087423,-7.263887e-06,0.50879544,-1.5000403
147,0.51226455,-4.7921785e-06,0.51231295,-1.5000381
148,0.5158452,-6.308561e-06,0.515894,-1.50004
149,0.5193101,-5.5906203e-06,0.51934993,-1.5000399
150,0.52269727,-5.80959e-06,0.5227346,-1.5000409
151,0.5262103,-3.360794e-06,0.5262515,-1.5000391
152,0.52979374,-4.7526337e-06,0.52983266,-1.5000408
153,0.5332509,-4.144509e-06,0.5332914,-1.5000405
154,0.53664845,-4.765214e-06,0.5366932,-1.5000421
155,0.54014665,-2.7699498e-06,0.5401938,-1.5000411
156,0.5437332,-4.3339896e-06,0.5437808,-1.5000416
157,0.5471934,-3.7993595e-06,0.54724485,-1.5000422
158,0.55059385,-4.9841765e-06,0.5506242,-1.5000429
159,0.5540958,-3.6545025e-06,0.55414724,-1.5000403
160,0.557681,-4.2302636e-06,0.5577277,-1.5000415
161,0.56114525,-4.354879e-06,0.5611907,-1.5000415
162,0.5645343,-4.183181e-06,0.56458807,-1.5000429
163,0.5680468,-2.1450542e-06,0.56808794,-1.5000416
164,0.5716298,-3.0078227e-06,0.57167053,-1.5000439
165,0.5750956,-3.1246454e-06,0.57513285,-1.5000439
166,0.57847893,-3.1560994e-06,0.57851875,-1.5000446
167,0.58199847,-5.852926e-07,0.58203363,-1.5000424
168,0.5855791,-2.075074e-06,0.585614,-1.5000436
169,0.58904344,-1.3486933e-06,0.5890798,-1.5000441
170,0.5924451,-2.0279113e-06,0.59245145,-1.5000463
171,0.59594893,-9.087744e-07,0.5959791,-1.5000424
172,0.5995359,-9.643118e-07,0.59955543,-1.5000443
173,0.60300094,-9.120704e-07,0.6030191,-1.5000439
174,0.60638595,-1.1252414e-06,0.6064073,-1.500044
175,0.6099003,1.2095988e-06,0.6099223,-1.5000417
176,0.6134808,-5.966285e-07,0.6135035,-1.5000437
177,0.6169339,3.1429227e-07,0.6169612,-1.5000435
178,0.62033707,-4.1548628e-07,0.620356,-1.5000447
179,0.6238407,2.2873937e-06,0.623863,-1.5000429
180,0.6274249,1.4996112e-06,0.6274456,-1.5000443
181,0.630889,1.9182407e-06,0.6309067,-1.5000441
182,0.63427085,1.9084473e-06,0.634292,-1.5000447
183,0.6377954,5.1054085e-06,0.63780665,-1.5000429
184,0.64137256,2.316614e-06,0.64138985,-1.5000443
185,0.6448351,2.894114e-06,0.6448548,-1.5000445
186,0.64820945,1.2700402e-06,0.6482388,-1.5000451
187,0.65173733,5.553571e-06,0.65175706,-1.5000428
188,0.6553122,4.2058673e-06,0.65534043,-1.5000443
189,0.6587754,4.9493683e-06,0.6588042,-1.5000445
190,0.6621492,3.518253e-06,0.66218925,-1.500045
191,0.6656775,8.045055e-06,0.66570294,-1.5000432
192,0.6692514,6.424001e-06,0.6692863,-1.5000448
193,0.67271256,7.0989554e-06,0.6727462,-1.5000448
194,0.676102,7.34668e-06,0.67614514,-1.5000457
195,0.6796144,9.501215e-06,0.67964315,-1.5000442
196,0.6831974,7.774499e-06,0.68322927,-1.500046
197,0.68665767,8.507566e-06,0.6866907,-1.500046
198,0.690057,7.917624e-06,0.690091,-1.5000479
199,0.69355553,9.9716635e-06,0.6935921,-1.5000467
200,0.6971408,9.637166e-06,0.6971768,-1.5000473
201,0.7006021,1.0189135e-05,0.7006416,-1.5000477
202,0.70399714,1.02792255e-05,0.7040214,-1.5000479
203,0.707501,1.2611556e-05,0.707541,-1.5000452
204,0.7110837,1.2103905e-05,0.71111894,-1.5000473
205,0.71454793,1.2837088e-05,0.7145782,-1.5000473
206,0.7179341,1.262148e-05,0.717976,-1.5000488
207,0.7214498,1.5532816e-05,0.72147715,-1.5000478
208,0.7250316,1.3987163e-05,0.72506315,-1.500049
209,0.72849107,1.4752157e-05,0.72852695,-1.5000495
210,0.7318912,1.4168756e-05,0.7319139,-1.5000494
211,0.73539186,1.5997553e-05,0.7354297,-1.5000474
212,0.73897785,1.5849248e-05,0.7390125,-1.500049
213,0.74243975,1.6566351e-05,0.74247473,-1.500049
214,0.7458399,1.5791993e-05,0.7458685,-1.5000497
215,0.7493367,1.7871324e-05,0.7493733,-1.5000479
216,0.75292146,1.7322222e-05,0.752957,-1.5000489
217,0.7563846,1.8206985e-05,0.7564241,-1.5000488
218,0.7597846,1.738326e-05,0.7597998,-1.5000509
219,0.76328456,1.911776e-05,0.7633266,-1.5000466
220,0.7668691,1.918985e-05,0.76690114,-1.5000472
221,0.770335,1.953209e-05,0.7703623,-1.5000467
222,0.77371234,1.8018189e-05,0.77376205,-1.5000477
223,0.77723217,2.18407e-05,0.77726233,-1.5000461
224,0.7808084,2.0975225e-05,0.7808451,-1.5000476
225,0.78426886,2.184439e-05,0.78430647,-1.5000471
226,0.7876573,2.2255757e-05,0.78770787,-1.500048
227,0.7911715,2.4837107e-05,0.79120964,-1.5000467
228,0.7947543,2.3399982e-05,0.794791,-1.5000477
229,0.7982145,2.4085719e-05,0.7982552,-1.5000477
230,0.801615,2.3636865e-05,0.8016384,-1.5000482
231,0.8051143,2.5601701e-05,0.80515754,-1.5000458
232,0.8086993,2.5241025e-05,0.8087392,-1.5000485
233,0.812162,2.596982e-05,0.8121986,-1.500048
234,0.81556296,2.5462548e-05,0.8155996,-1.5000495
235,0.81906253,2.7072674e-05,0.81910026,-1.5000479
236,0.8226502,2.8627772e-05,0.8226873,-1.5000498
237,0.82611483,2.8165785e-05,0.8261473,-1.5000495
238,0.82951045,2.7824528e-05,0.8295303,-1.5000497
239,0.83301806,3.0272706e-05,0.833048,-1.5000468
240,0.8366044,2.9308205e-05,0.83662987,-1.5000495
241,0.8400663,3.0174262e-05,0.8400844,-1.500049
242,0.8434532,3.0270181e-05,0.8434846,-1.5000501
243,0.8469701,3.316685e-05,0.8469842,-1.5000484
244,0.8505541,3.1792282e-05,0.85056925,-1.5000501
245,0.85401195,3.2517688e-05,0.8540296,-1.5000501
246,0.8573976,3.2858203e-05,0.8574293,-1.500051
247,0.8609128,3.5588186e-05,0.86093265,-1.5000497
248,0.864497,3.504722e-05,0.8645168,-1.5000501
249,0.8679598,3.564987e-05,0.8679802,-1.50005
250,0.8713571,3.552484e-05,0.8713803,-1.5000508
251,0.87485725,3.7697988e-05,0.87488204,-1.5000494
252,0.8784436,3.6939935e-05,0.87846786,-1.500051
253,0.88190466,3.7878774e-05,0.88192916,-1.500051
254,0.8852955,3.8125363e-05,0.8853251,-1.5000522
255,0.8888106,4.0622435e-05,0.8888269,-1.5000502
256,0.89239484,3.9193183e-05,0.89241177,-1.5000505
257,0.89585924,3.9900624e-05,0.8958732,-1.5000503
258,0.8992448,4.046667e-05,0.8992671,-1.5000509
259,0.9027615,4.315535e-05,0.9027715,-1.5000483
260,0.90634406,4.2360065e-05,0.9063555,-1.5000491
261,0.90980655,4.3120912e-05,0.909816,-1.5000489
262,0.9132003,4.29395e-05,0.9132156,-1.5000494
263,0.9167065,4.53357e-05,0.9167148,-1.500048
264,0.92029107,4.557387e-05,0.9203015,-1.5000479
265,0.92375314,4.6599387e-05,0.9237664,-1.5000483
266,0.9271405,4.685291e-05,0.927148,-1.5000486
267,0.9306578,4.962187e-05,0.9306674,-1.5000459
268,0.9342388,4.847417e-05,0.9342505,-1.5000479
269,0.9377023,4.9650662e-05,0.93770677,-1.5000472
270,0.941086,4.9921648e-05,0.9411101,-1.500048
271,0.94460166,5.3006952e-05,0.944611,-1.5000457
272,0.94818276,5.1350667e-05,0.94819546,-1.5000467
273,0.9516438,5.2253323e-05,0.9516556,-1.5000466
274,0.9550433,5.2009425e-05,0.9550551,-1.5000476
275,0.95854706,5.4176468e-05,0.9585586,-1.500046
276,0.9621342,5.3472882e-05,0.962145,-1.5000467
277,0.9655952,5.4427517e-05,0.96560746,-1.5000464
278,0.9689928,5.417115e-05,0.9690031,-1.5000478
279,0.9724935,5.649351e-05,0.9725056,-1.5000457
280,0.9760807,5.5701064e-05,0.97608924,-1.500047
281,0.9795433,5.64007e-05,0.9795523,-1.5000466
282,0.9829421,5.5857075e-05,0.98293555,-1.5000465
283,0.9864426,5.758224e-05,0.98645824,-1.5000435
284,0.9900303,5.746021e-05,0.99003935,-1.5000446
285,0.99349576,5.7744845e-05,0.9935047,-1.5000448
286,0.99688566,5.8300982e-05,0.99688894,-1.500045
287,1.0004007,6.0877814e-05,1.000411,-1.5000423
288,1.0039806,5.9157443e-05,1.0039914,-1.5000437
289,1.0074409,6.0301623e-05,1.0074549,-1.5000428
290,1.0108262,6.0314807e-05,1.01084,-1.5000435
291,1.0143431,6.346184e-05,1.0143578,-1.5000407
292,1.0179238,6.232904e-05,1.0179398,-1.5000418
293,1.021388,6.331729e-05,1.0214024,-1.5000416
294,1.0247847,6.314297e-05,1.0247945,-1.5000427
295,1.0282857,6.5574975e-05,1.0283028,-1.5000403
296,1.0318724,6.528822e-05,1.0318878,-1.500042
297,1.0353338,6.613674e-05,1.0353484,-1.5000412
298,1.0387317,6.602781e-05,1.0387464,-1.5000423
299,1.0422343,6.894537e-05,1.0422456,-1.5000405
300,1.0458196,6.810834e-05,1.0458292,-1.5000418
301,1.0492789,6.913024e-05,1.0492936,-1.5000415
302,1.0526772,6.9023656e-05,1.0526894,-1.5000423
303,1.0561823,7.122553e-05,1.0561926,-1.5000403
304,1.0597672,7.167182e-05,1.0597792,-1.5000409
305,1.0632325,7.242557e-05,1.063243,-1.5000412
306,1.0666308,7.2686176e-05,1.0666251,-1.5000412
307,1.0701361,7.551085e-05,1.0701433,-1.5000383
308,1.0737234,7.47613e-05,1.0737239,-1.5000391
309,1.0771881,7.556766e-05,1.0771862,-1.5000384
310,1.0805777,7.577807e-05,1.0805836,-1.5000393
311,1.0840895,7.85197e-05,1.084087,-1.5000372
312,1.0876725,7.717813e-05,1.087674,-1.5000386
313,1.0911329,7.820783e-05,1.091139,-1.5000385
314,1.094535,7.8383004e-05,1.0945218,-1.500039
315,1.0980319,8.0017126e-05,1.0980407,-1.5000359
316,1.101619,7.9412406e-05,1.1016197,-1.5000371
317,1.105084,8.028671e-05,1.1050824,-1.5000361
318,1.1084704,8.024999e-05,1.1084787,-1.500037
319,1.1119838,8.325692e-05,1.111979,-1.5000347
320,1.1155627,8.293928e-05,1.1155611,-1.5000367
321,1.1190243,8.406185e-05,1.1190209,-1.5000362
322,1.1224178,8.380113e-05,1.1224244,-1.5000372
323,1.1259254,8.6648884e-05,1.1259328,-1.5000345
324,1.1295098,8.601514e-05,1.1295205,-1.5000346
325,1.1329741,8.702761e-05,1.1329875,-1.5000354
326,1.1363684,8.698127e-05,1.136373,-1.5000353
327,1.1398765,9.018167e-05,1.1398927,-1.5000323
328,1.1434596,8.992289e-05,1.1434736,-1.5000342
329,1.1469215,9.1117974e-05,1.1469302,-1.5000335
330,1.1503218,9.084565e-05,1.1503278,-1.5000347
331,1.1538233,9.324063e-05,1.153831,-1.5000327
332,1.1574103,9.343668e-05,1.157417,-1.5000324
333,1.1608738,9.444225e-05,1.1608816,-1.5000324
334,1.1642753,9.4732255e-05,1.1642654,-1.5000327
335,1.1677803,9.6630734e-05,1.1677856,-1.50003
336,1.17137,9.720769e-05,1.171368,-1.5000322
337,1.1748334,9.782838e-05,1.1748278,-1.5000314
338,1.1782309,9.808672e-05,1.1782265,-1.5000322
339,1.1817354,0.00010117619,1.181726,-1.5000306
340,1.1853218,9.9291356e-05,1.1853132,-1.5000309
341,1.1887817,0.00010064016,1.1887757,-1.5000305
342,1.1921846,0.00010004691,1.1921581,-1.5000303
343,1.1956854,0.00010298708,1.1956756,-1.5000273
344,1.1992699,0.000104190076,1.1992583,-1.5000294
345,1.2027336,0.00010367526,1.20272,-1.5000288
346,1.2061158,0.00010463897,1.2061057,-1.5000293
347,1.2096355,0.00010856213,1.209622,-1.5000268
348,1.2132185,0.00010816862,1.213203,-1.5000279
349,1.2166828,0.00010934955,1.2166634,-1.5000273
350,1.2200747,0.000109854685,1.2200656,-1.500028
351,1.2235887,0.00011238949,1.2235681,-1.5000259
352,1.2271711,0.00011201641,1.2271556,-1.5000271
353,1.2306365,0.000112969734,1.2306162,-1.5000266
354,1.234021,0.00011362415,1.2340158,-1.5000272
355,1.2375383,0.000116741685,1.2375215,-1.5000248
356,1.2411222,0.000116121024,1.2411062,-1.5000255
357,1.2445811,0.000117132164,1.2445691,-1.5000253
358,1.2479824,0.00011687976,1.2479656,-1.5000255
359,1.2514821,0.000119301105,1.2514685,-1.5000231
360,1.2550696,0.00011931954,1.2550536,-1.5000242
361,1.258533,0.000120192264,1.2585132,-1.5000235
362,1.2619205,0.00012067872,1.2619022,-1.5000235
363,1.2654363,0.00012369838,1.2654153,-1.5000215
364,1.2690157,0.00012327135,1.2689993,-1.5000219
365,1.2724789,0.00012457056,1.272462,-1.5000213
366,1.2758764,0.00012434286,1.2758576,-1.5000217
367,1.2793837,0.00012717227,1.2793607,-1.5000196
368,1.2829711,0.00012713353,1.2829455,-1.5000207
369,1.286432,0.00012841614,1.2864069,-1.5000197
370,1.2898295,0.00012839973,1.2898117,-1.5000205
371,1.2933382,0.00013129157,1.29332,-1.5000174
372,1.2969214,0.00013124231,1.2969028,-1.5000178
373,1.3003856,0.0001325847,1.3003718,-1.5000179
374,1.3037688,0.00013321114,1.3037715,-1.5000178
375,1.3072847,0.00013674374,1.3072743,-1.5000153
376,1.310867,0.00013523897,1.3108586,-1.5000161
377,1.3143233,0.0001368295,1.3143209,-1.500015
378,1.3177276,0.00013689615,1.3177118,-1.500015
379,1.3212253,0.00013922423,1.3212248,-1.500013
380,1.3248119,0.0001387341,1.324808,-1.5000141
381,1.3282739,0.00013983739,1.328269,-1.500013
382,1.3316705,0.00013941049,1.3316662,-1.500014
383,1.3351736,0.0001426228,1.3351659,-1.5000117
384,1.3387597,0.00014253482,1.3387523,-1.5000135
385,1.3422229,0.00014338887,1.3422139,-1.5000125
386,1.3456079,0.00014428541,1.3456129,-1.5000128
387,1.3491248,0.00014743797,1.349115,-1.5000104
388,1.352706,0.00014598307,1.3526989,-1.5000108
389,1.3561617,0.00014758238,1.3561606,-1.5000101
390,1.3595678,0.00014716997,1.3595605,-1.500011
391,1.3630666,0.00015035045,1.3630602,-1.5000091
392,1.3666539,0.00015031084,1.3666447,-1.500009
393,1.3701222,0.00015051864,1.3701067,-1.5000083
394,1.3734957,0.0001493579,1.3735061,-1.5000086
395,1.3770237,0.00015494213,1.3770066,-1.5000068
396,1.3805977,0.0001550652,1.380593,-1.5000067
397,1.3840582,0.00015639496,1.3840556,-1.5000057
398,1.3874449,0.00015678378,1.3874537,-1.5000063
399,1.3909578,0.00016015948,1.390954,-1.5000042
400,1.3945414,0.00015957616,1.3945374,-1.500004
401,1.3980004,0.00016101905,1.3979979,-1.5000031
402,1.4014,0.00016119704,1.4014008,-1.5000031
403,1.4049021,0.00016320581,1.4049027,-1.500001
404,1.4084907,0.00016486263,1.4084886,-1.5000018
405,1.4119574,0.00016486645,1.4119525,-1.5000011
406,1.4153414,0.00016595468,1.4153504,-1.5000018
407,1.418857,0.00017025787,1.4188508,-1.4999994
408,1.4224457,0.00017106658,1.4224355,-1.4999998
409,1.4259102,0.00017118308,1.4258978,-1.499999
410,1.4293071,0.00017173527,1.4292983,-1.4999995
411,1.4328113,0.0001751327,1.4327991,-1.4999976
412,1.4363972,0.00017492304,1.4363855,-1.4999977
413,1.4398614,0.0001758842,1.4398477,-1.4999973
414,1.4432455,0.00017679115,1.4432474,-1.4999974
415,1.4467664,0.00018035351,1.4467419,-1.4999955
416,1.4503487,0.0001793346,1.4503258,-1.4999945
417,1.4538103,0.00018052828,1.4537939,-1.4999943
418,1.4572117,0.00018065458,1.4571706,-1.4999956
419,1.4607097,0.00018305477,1.4606967,-1.4999907
420,1.4642942,0.00018422195,1.4642743,-1.4999924
421,1.4677591,0.00018543072,1.4677317,-1.4999914
422,1.4711459,0.00018627106,1.4711337,-1.4999919
423,1.4746614,0.00018961236,1.4746381,-1.4999886
424,1.478245,0.00018872395,1.478221,-1.4999877
425,1.4817046,0.00019033338,1.4816885,-1.4999874
426,1.4851062,0.00019035945,1.4850638,-1.4999887
427,1.4886086,0.000192821,1.4885914,-1.4999831
428,1.4921961,0.00019236849,1.492168,-1.4999826
429,1.4956611,0.00019361859,1.4956323,-1.4999816
430,1.4990495,0.00019444257,1.4990155,-1.4999815
431,1.5025616,0.00019741067,1.5025315,-1.4999784
432,1.506145,0.00019721573,1.5061128,-1.49998
433,1.5096037,0.00019871167,1.5095698,-1.4999785
434,1.5130008,0.00019904823,1.5129726,-1.4999793
435,1.5165058,0.00020187696,1.516469,-1.4999778
436,1.52009,0.0002029288,1.5200573,-1.4999778
437,1.5235546,0.0002040581,1.5235215,-1.4999774
438,1.5269386,0.00020500607,1.5269063,-1.4999772
439,1.530455,0.00020855575,1.5304239,-1.4999739
440,1.5340354,0.0002072498,1.5340029,-1.4999746
441,1.5374973,0.00020891163,1.5374653,-1.4999739
442,1.5408841,0.00020961923,1.540864,-1.4999743
443,1.5443985,0.00021290069,1.5443668,-1.4999721
444,1.5479821,0.00021252796,1.5479553,-1.4999721
445,1.551443,0.0002140396,1.5514165,-1.4999714
446,1.5548434,0.00021437817,1.5548133,-1.4999716
447,1.5583448,0.00021721372,1.5583223,-1.4999685
448,1.5619296,0.00021784435,1.5619076,-1.4999701
449,1.5653938,0.00021937733,1.5653666,-1.4999689
450,1.5687807,0.00022012781,1.5687715,-1.499969
451,1.5722963,0.00022387749,1.5722752,-1.4999663
452,1.5758802,0.00022212279,1.5758586,-1.4999658
453,1.5793395,0.00022375752,1.5793271,-1.4999657
454,1.5827432,0.00022395019,1.5827118,-1.4999653
455,1.5862392,0.00022643153,1.5862302,-1.4999615
456,1.5898248,0.00022816297,1.5898114,-1.4999616
457,1.5932884,0.00022868277,1.5932738,-1.4999609
458,1.5966847,0.00022924997,1.5966719,-1.4999613
459,1.6001883,0.00023183186,1.6001741,-1.4999584
460,1.6037757,0.00023288315,1.6037604,-1.499958
461,1.6072402,0.00023356802,1.6072251,-1.4999576
462,1.6106294,0.00023391393,1.6106203,-1.4999573
463,1.6141427,0.00023765728,1.614126,-1.4999548
464,1.6177269,0.00023756106,1.6177099,-1.4999548
465,1.6211867,0.0002390903,1.621174,-1.4999534
466,1.6245892,0.00023900793,1.6245613,-1.499953
467,1.6280906,0.00024275176,1.6280719,-1.4999505
468,1.6316749,0.00024308545,1.6316569,-1.4999506
469,1.6351398,0.00024420914,1.635121,-1.49995
470,1.6385388,0.00024462826,1.6385046,-1.4999498
471,1.6420432,0.0002478403,1.6420219,-1.4999465
472,1.6456276,0.00024852355,1.6456037,-1.4999478
473,1.6490903,0.00025009035,1.6490651,-1.4999466
474,1.6524858,0.00025041116,1.6524624,-1.4999472
475,1.6559927,0.0002536637,1.6559658,-1.4999446
476,1.6595781,0.00025432752,1.6595511,-1.499944
477,1.6630424,0.00025590282,1.6630157,-1.4999437
478,1.6664276,0.0002568106,1.6664025,-1.4999434
479,1.669941,0.00026043443,1.669916,-1.4999405
480,1.6735247,0.00026021554,1.6734989,-1.4999408
481,1.6769876,0.0002615253,1.6769611,-1.4999397
482,1.6803832,0.0002618302,1.6803573,-1.4999396
483,1.6838841,0.00026523342,1.6838607,-1.4999365
484,1.6874688,0.0002655004,1.6874467,-1.4999386
485,1.6909337,0.00026698117,1.6909043,-1.4999372
486,1.6943209,0.00026794532,1.694307,-1.4999378
487,1.6978339,0.0002713924,1.6978151,-1.4999343
488,1.701419,0.00027036853,1.7013984,-1.4999342
489,1.7048753,0.00027207533,1.7048671,-1.4999343
490,1.7082735,0.0002723915,1.7082534,-1.4999341
491,1.7117733,0.000275449,1.7117641,-1.4999313
492,1.715359,0.00027568088,1.7153428,-1.4999324
493,1.7188169,0.0002772499,1.7188029,-1.4999312
494,1.7222207,0.00027766373,1.7222002,-1.4999309
495,1.7257224,0.00028127304,1.7257025,-1.4999281
496,1.7293079,0.000282594,1.7292863,-1.4999286
497,1.7327747,0.00028354768,1.7327482,-1.4999275
498,1.7361622,0.00028472906,1.7361443,-1.4999274
499,1.7396827,0.00028845205,1.7396485,-1.4999243
500,1.7432653,0.0002874615,1.7432307,-1.4999243
501,1.7467248,0.00028924656,1.7466923,-1.499923
502,1.7501262,0.00028968253,1.7500918,-1.4999235
503,1.7536291,0.00029228203,1.7535911,-1.4999205
504,1.7572159,0.00029321283,1.7571757,-1.4999206
505,1.7606795,0.00029462797,1.7606366,-1.4999194
506,1.7640812,0.00029470643,1.7640316,-1.4999195
507,1.7675819,0.00029759333,1.7675351,-1.4999164
508,1.7711679,0.0002983037,1.7711186,-1.4999162
509,1.7746341,0.0002994178,1.7745794,-1.4999149
510,1.7780185,0.00030037272,1.7779776,-1.4999151
511,1.7815399,0.00030464388,1.7814767,-1.4999124
512,1.7851201,0.00030443622,1.7850624,-1.4999119
513,1.7885793,0.00030632183,1.7885283,-1.4999112
514,1.7919838,0.0003066491,1.7919122,-1.4999106
515,1.7954844,0.00031013487,1.7954333,-1.4999068
516,1.7990694,0.00031024916,1.7990149,-1.4999076
517,1.8025361,0.00031155132,1.8024774,-1.4999061
518,1.8059382,0.00031205767,1.8058755,-1.499906
519,1.8094429,0.00031495088,1.8093752,-1.4999033
520,1.8130281,0.00031531078,1.8129607,-1.499903
521,1.81649,0.00031688708,1.8164222,-1.4999018
522,1.8198919,0.00031728938,1.8198208,-1.4999021
523,1.8233898,0.00032003917,1.82332,-1.4998991
524,1.8269783,0.00031966768,1.8269063,-1.4999006
525,1.8304396,0.0003213939,1.8303671,-1.4998993
526,1.8338386,0.00032176194,1.8337665,-1.4998996
527,1.8373417,0.00032502942,1.837269,-1.4998971
528,1.840927,0.00032630464,1.8408538,-1.4998966
529,1.8443885,0.0003276504,1.844318,-1.4998958
530,1.847787,0.00032849918,1.8477088,-1.4998949
531,1.8512864,0.00033147572,1.8512204,-1.4998919
532,1.8548746,0.00033112336,1.8548043,-1.4998925
533,1.8583353,0.00033299119,1.8582642,-1.4998909
534,1.8617212,0.0003339983,1.861665,-1.499891
535,1.8652368,0.0003378784,1.8651626,-1.4998885
536,1.8688197,0.00033850165,1.8687491,-1.4998887
537,1.8722838,0.000339927,1.8722116,-1.4998877
538,1.8756777,0.00034031825,1.8756087,-1.4998878
539,1.8791876,0.00034398158,1.879114,-1.499885
540,1.8827733,0.00034298009,1.8827,-1.4998853
541,1.8862343,0.00034498423,1.8861617,-1.4998841
542,1.889622,0.00034571858,1.8895613,-1.499884
543,1.8931363,0.00034942792,1.8930613,-1.4998814
544,1.8967199,0.00034846048,1.8966461,-1.4998807
545,1.9001757,0.00035038087,1.9001117,-1.4998802
546,1.9035794,0.0003506432,1.9034963,-1.499879
547,1.9070789,0.00035360604,1.9070102,-1.4998758
548,1.9106677,0.00035346695,1.9105929,-1.4998764
549,1.9141312,0.0003549963,1.9140555,-1.4998753
550,1.9175341,0.00035550725,1.9174508,-1.4998751
551,1.9210367,0.00035967966,1.9209557,-1.499872
552,1.92462,0.00036080484,1.9245398,-1.4998728
553,1.9280866,0.0003623536,1.9280021,-1.4998714
554,1.9314846,0.00036313088,1.9313899,-1.4998709
555,1.9349824,0.00036637313,1.9349054,-1.4998679
556,1.9385674,0.00036574726,1.9384878,-1.4998683
557,1.9420282,0.00036752966,1.9419487,-1.4998665
558,1.9454312,0.00036781962,1.9453493,-1.4998667
559,1.9489374,0.00037188322,1.9488473,-1.4998643
560,1.9525242,0.0003730989,1.9524325,-1.4998637
561,1.9559906,0.0003736801,1.9558975,-1.4998628
562,1.9593797,0.00037462724,1.9592817,-1.4998624
563,1.9628882,0.0003785794,1.962801,-1.4998585
564,1.9664726,0.0003776225,1.9663825,-1.4998579
565,1.9699323,0.00037955644,1.9698474,-1.4998573
566,1.9733323,0.00038016582,1.9732434,-1.4998568
567,1.9768364,0.0003830564,1.9767523,-1.4998536
568,1.9804232,0.00038578638,1.9803394,-1.4998546
569,1.9838858,0.00038628682,1.9837995,-1.4998529
570,1.9872777,0.00038711244,1.9871974,-1.4998527
571,1.9907899,0.00039063508,1.9907017,-1.4998496
572,1.9943758,0.00039106124,1.9942862,-1.4998496
573,1.9978361,0.000393098,1.997747,-1.4998484
574,2.0012405,0.0003937354,2.0011468,-1.4998486
575,2.0047467,0.00039770684,2.0046458,-1.499846
576,2.0083363,0.0003993602,2.00823,-1.4998466
577,2.0118003,0.00040018035,2.011692,-1.4998453
578,2.0151806,0.00040163615,2.01509,-1.499845
579,2.018701,0.0004059063,2.0185924,-1.4998423
580,2.0222838,0.0004055582,2.0221765,-1.4998426
581,2.0257442,0.00040771323,2.025639,-1.4998411
582,2.0291438,0.00040865433,2.0290365,-1.4998412
583,2.032644,0.00041196108,2.032538,-1.4998381
584,2.0362296,0.000411506,2.0361252,-1.4998387
585,2.03969,0.00041339203,2.0395856,-1.4998375
586,2.0430932,0.00041410557,2.042983,-1.4998379
587,2.0465956,0.00041834233,2.0464883,-1.4998345
588,2.0501819,0.0004197456,2.050074,-1.4998347
589,2.0536466,0.00042069788,2.0535357,-1.4998335
590,2.0570369,0.00042165798,2.0569346,-1.4998333
591,2.0605516,0.00042563892,2.060436,-1.499831
592,2.0641346,0.00042598456,2.0640209,-1.4998317
593,2.0675979,0.0004280549,2.067482,-1.4998304
594,2.070993,0.0004286783,2.0708869,-1.4998304
595,2.0744977,0.00043274325,2.0743904,-1.4998266
596,2.0780826,0.00043319847,2.0779753,-1.4998255
597,2.0815432,0.0004349123,2.0814426,-1.4998246
598,2.084946,0.00043558457,2.084827,-1.4998238
599,2.0884519,0.00043947602,2.0883489,-1.49982
600,2.0920362,0.0004407668,2.0919294,-1.4998214
601,2.0955045,0.00044236163,2.0953906,-1.4998199
602,2.0988853,0.00044357008,2.0987883,-1.4998201
603,2.1024113,0.00044848194,2.1022878,-1.4998173
604,2.105991,0.0004485806,2.1058738,-1.4998174
605,2.1094522,0.0004506483,2.1093376,-1.499816
606,2.1128519,0.0004511889,2.1127214,-1.4998156
607,2.1163578,0.000454384,2.1162403,-1.4998118
608,2.1199458,0.00045493487,2.1198235,-1.4998137
609,2.1234114,0.00045659114,2.1232789,-1.499812
610,2.1267986,0.00045790322,2.1266835,-1.4998121
611,2.1303136,0.00046203396,2.1301856,-1.4998087
612,2.133896,0.0004621371,2.1337695,-1.4998072
613,2.1373565,0.00046415383,2.1372387,-1.4998066
614,2.140758,0.00046505107,2.140608,-1.4998077
615,2.14426,0.00046842304,2.144138,-1.4998021
616,2.147845,0.00046931527,2.1477137,-1.499803
617,2.1513069,0.00047140112,2.1511717,-1.4998013
618,2.1547058,0.0004722335,2.15458,-1.4998013
619,2.1582057,0.00047531133,2.1580837,-1.4997982
620,2.161791,0.0004755258,2.161671,-1.4997951
621,2.165252,0.0004774194,2.1651328,-1.4997957
622,2.1686525,0.0004779257,2.168514,-1.4997951
623,2.1721532,0.00048060063,2.172036,-1.4997902
624,2.1757414,0.00048284253,2.1756198,-1.4997888
625,2.1792061,0.00048355875,2.1790864,-1.4997882
626,2.1825788,0.00048349155,2.1824663,-1.4997886
627,2.1861062,0.00048949453,2.1859925,-1.499783
628,2.1896815,0.0004894009,2.189569,-1.4997829
629,2.1931458,0.0004916879,2.1930313,-1.499781
630,2.196531,0.000492992,2.1964145,-1.4997798
631,2.2000494,0.0004970716,2.1999352,-1.4997762
632,2.203628,0.000497411,2.2035165,-1.4997762
633,2.2070897,0.00049971044,2.2069829,-1.499775
634,2.2104902,0.0005005508,2.2103639,-1.499774
635,2.2139935,0.00050369045,2.2138824,-1.49977
636,2.217583,0.00050417305,2.2174652,-1.499771
637,2.2210464,0.0005062158,2.220928,-1.499769
638,2.2244437,0.00050744315,2.2243133,-1.4997679
639,2.2279456,0.00051116006,2.2278311,-1.4997636
640,2.2315304,0.00051205634,2.2314098,-1.4997637
641,2.2349906,0.00051407976,2.2348742,-1.4997616
642,2.238391,0.0005149423,2.2382615,-1.4997607
643,2.2418926,0.0005186906,2.2417734,-1.4997575
644,2.2454774,0.00051883084,2.2453563,-1.4997573
645,2.2489374,0.0005208932,2.2488222,-1.499756
646,2.2523382,0.0005214447,2.2522058,-1.4997549
647,2.2558427,0.0005258644,2.2557263,-1.499751
648,2.2594237,0.0005265619,2.259308,-1.4997505
649,2.2628882,0.0005282636,2.262769,-1.4997487
650,2.2662938,0.0005294141,2.2661672,-1.4997485
651,2.2697964,0.0005335691,2.2696717,-1.499745
652,2.2733836,0.00053539296,2.2732582,-1.4997455
653,2.2768502,0.00053579506,2.2767181,-1.4997439
654,2.2802413,0.0005370606,2.2801206,-1.4997439
655,2.2837703,0.0005433205,2.2836251,-1.499741
656,2.2873468,0.0005429631,2.2872107,-1.4997407
657,2.2908113,0.000545464,2.2906733,-1.4997388
658,2.294217,0.0005463989,2.2940755,-1.4997387
659,2.2977202,0.000550741,2.2975798,-1.499736
660,2.3013089,0.00055287546,2.3011665,-1.4997339
661,2.3047736,0.00055339554,2.3046331,-1.4997333
662,2.308149,0.0005548797,2.3080077,-1.4997336
663,2.3116696,0.0005589059,2.311537,-1.4997274
664,2.3152485,0.00055936293,2.3151143,-1.4997269
665,2.3187082,0.0005618367,2.3185754,-1.4997249
666,2.3221078,0.00056259346,2.3219616,-1.4997241
667,2.325612,0.00056598126,2.3254755,-1.4997203
668,2.3291974,0.0005672954,2.3290555,-1.4997205
669,2.3326614,0.0005690459,2.3325148,-1.4997188
670,2.336051,0.00057073345,2.335917,-1.4997183
671,2.3395636,0.0005746596,2.3394191,-1.4997154
672,2.3431487,0.0005735662,2.3430068,-1.4997145
673,2.3466048,0.0005760292,2.346472,-1.4997134
674,2.3500094,0.0005765606,2.349855,-1.4997122
675,2.3535092,0.00058057945,2.3533757,-1.4997078
676,2.3570962,0.0005822011,2.3569555,-1.4997084
677,2.3605616,0.00058284326,2.3604186,-1.4997064
678,2.363943,0.0005840956,2.3638043,-1.4997057
679,2.367459,0.00058831193,2.3673217,-1.4997013
680,2.3710372,0.0005891702,2.3709052,-1.4997015
681,2.3745005,0.000591619,2.3743665,-1.4996996
682,2.377886,0.0005930392,2.3777642,-1.4996988
683,2.3814003,0.0005971356,2.3812675,-1.4996948
684,2.3849838,0.000597979,2.384854,-1.4996948
685,2.3884459,0.0006000778,2.3883162,-1.4996932
686,2.3918414,0.0006009332,2.3917112,-1.4996927
687,2.395347,0.0006050889,2.3952143,-1.4996886
688,2.3989336,0.00060610037,2.398797,-1.4996898
689,2.4023967,0.0006084002,2.4022586,-1.4996876
690,2.4057977,0.0006094881,2.405646,-1.4996867
691,2.4092975,0.000613087,2.4091618,-1.499683
692,2.4128828,0.0006151134,2.412741,-1.499683
693,2.4163477,0.00061715924,2.4161994,-1.499681
694,2.4197352,0.00061905803,2.4195995,-1.4996805
695,2.42325,0.00062335515,2.4231026,-1.4996774
696,2.426833,0.0006241029,2.4266875,-1.4996763
697,2.4302945,0.00062652596,2.43015,-1.4996748
698,2.433694,0.0006278287,2.433547,-1.4996738
699,2.4371915,0.0006313173,2.4370506,-1.4996705
700,2.4407787,0.00063343364,2.4406347,-1.4996705
701,2.4442441,0.0006350772,2.4440963,-1.4996687
702,2.4476287,0.0006369841,2.447497,-1.4996685
703,2.4511495,0.00064164895,2.4510016,-1.4996654
704,2.4547327,0.00064175983,2.4545863,-1.4996649
705,2.4581938,0.0006440545,2.4580503,-1.4996636
706,2.4615936,0.0006454039,2.4614472,-1.4996632
707,2.4650946,0.00064906885,2.4649515,-1.4996594
708,2.468682,0.0006503831,2.4685369,-1.4996592
709,2.4721484,0.00065230957,2.4719965,-1.4996574
710,2.4755366,0.00065423676,2.4753954,-1.4996572
711,2.4790516,0.000658402,2.4788978,-1.4996542
712,2.482634,0.0006580708,2.4824831,-1.4996519
713,2.4860945,0.00066053617,2.4859486,-1.4996514
714,2.4894938,0.00066136126,2.4893253,-1.4996514
715,2.493,0.0006651241,2.4928546,-1.4996462
716,2.4965863,0.00066586386,2.4964314,-1.4996458
717,2.5000482,0.00066816056,2.4998932,-1.4996439
718,2.503449,0.00066945364,2.5032825,-1.4996425
719,2.5069551,0.0006732127,2.5068002,-1.4996382
720,2.5105398,0.0006747632,2.5103831,-1.499639
721,2.5140023,0.00067710545,2.5138416,-1.499637
722,2.5174007,0.00067772204,2.5172462,-1.4996367
723,2.5209026,0.0006812169,2.5207489,-1.4996325
724,2.5244875,0.0006829941,2.5243354,-1.4996302
725,2.5279527,0.0006843388,2.5278022,-1.4996302
726,2.531336,0.00068498135,2.531195,-1.4996285
727,2.534858,0.0006907086,2.5347157,-1.4996233
728,2.538436,0.0006909664,2.5382912,-1.4996237
729,2.541898,0.00069358957,2.5417514,-1.4996214
730,2.5452936,0.0006951613,2.5451548,-1.4996212
731,2.5488055,0.0006991101,2.5486617,-1.4996171
732,2.5523882,0.0006989351,2.5522454,-1.4996159
733,2.5558445,0.0007018585,2.555712,-1.4996148
734,2.5592427,0.0007030618,2.5591033,-1.4996141
735,2.5627458,0.00070659537,2.56261,-1.4996101
736,2.566332,0.0007077729,2.566193,-1.4996109
737,2.5697963,0.0007099379,2.5696518,-1.4996086
738,2.5731804,0.0007119689,2.5730565,-1.4996082
739,2.5766957,0.0007166492,2.5765631,-1.4996041
740,2.580274,0.00071725255,2.5801487,-1.4996034
741,2.5837348,0.0007198039,2.5836165,-1.4996023
742,2.5871391,0.0007208346,2.5870025,-1.4996008
743,2.5906363,0.00072421593,2.5905204,-1.4995965
744,2.5942237,0.00072523893,2.5941007,-1.4995964
745,2.597688,0.00072759506,2.5975626,-1.4995941
746,2.601081,0.0007293395,2.6009634,-1.4995936
747,2.6045935,0.0007337158,2.60447,-1.4995905
748,2.6081767,0.00073355803,2.6080573,-1.4995894
749,2.6116354,0.0007360494,2.6115203,-1.4995875
750,2.6150362,0.00073710096,2.6149228,-1.4995869
751,2.6185355,0.0007405248,2.6184208,-1.4995836
752,2.6221225,0.00074293773,2.6220083,-1.499582
753,2.625588,0.0007440914,2.6254714,-1.4995801
754,2.6289806,0.00074599654,2.6288586,-1.499579
755,2.6324928,0.0007507571,2.632375,-1.4995744
756,2.636078,0.0007511094,2.6359568,-1.499574
757,2.6395383,0.0007535416,2.6394203,-1.4995716
758,2.6429393,0.00075493456,2.642821,-1.499571
759,2.64644,0.00075849093,2.6463215,-1.4995677
760,2.6500254,0.00076041743,2.649908,-1.4995672
761,2.6534894,0.00076281413,2.653371,-1.4995651
762,2.656883,0.00076376635,2.6567562,-1.4995639
763,2.6603897,0.0007683934,2.6602702,-1.4995598
764,2.6639776,0.00076928793,2.663851,-1.4995596
765,2.6674407,0.00077173894,2.667307,-1.4995573
766,2.6708407,0.00077299494,2.6707003,-1.4995556
767,2.674347,0.00077680236,2.6742065,-1.4995525
768,2.677935,0.0007778065,2.6777925,-1.4995517
769,2.6813993,0.0007800674,2.681257,-1.4995499
770,2.6847842,0.0007819147,2.6846316,-1.4995501
771,2.6883008,0.0007863169,2.6881552,-1.4995444
772,2.6918793,0.000786918,2.6917343,-1.4995428
773,2.695342,0.00078951975,2.695197,-1.4995404
774,2.6987302,0.00079128024,2.6985815,-1.4995385
775,2.702247,0.0007956422,2.7021012,-1.499534
776,2.7058272,0.0007963105,2.7056823,-1.4995337
777,2.7092948,0.00079878327,2.7091398,-1.4995311
778,2.7126775,0.000799201,2.7125378,-1.4995308
779,2.716201,0.00080515124,2.7160394,-1.4995269
780,2.719782,0.0008067884,2.7196257,-1.4995254
781,2.7232473,0.0008093229,2.7230885,-1.4995236
782,2.7266288,0.00081151637,2.726482,-1.4995228
783,2.730152,0.00081654487,2.7299912,-1.4995184
784,2.7337337,0.00081667653,2.7335756,-1.4995184
785,2.7371936,0.0008196364,2.737037,-1.4995159
786,2.740589,0.0008210492,2.7404253,-1.4995146
787,2.7440948,0.0008256193,2.7439387,-1.4995108
788,2.7476807,0.000826612,2.7475233,-1.4995105
789,2.751141,0.0008293233,2.7509844,-1.4995081
790,2.754544,0.0008304995,2.7543895,-1.4995074
791,2.758048,0.00083417824,2.7578897,-1.4995044
792,2.7616365,0.00083644997,2.7614782,-1.4995031
793,2.7651014,0.0008388014,2.764943,-1.4995015
794,2.768491,0.0008410095,2.768334,-1.4994998
795,2.7719986,0.00084496936,2.7718492,-1.4994959
796,2.775582,0.00084614154,2.7754312,-1.4994956
797,2.7790434,0.0008488176,2.7788932,-1.4994935
798,2.7824438,0.00085054984,2.782291,-1.4994926
799,2.7859406,0.0008542942,2.7857912,-1.4994892
800,2.7895265,0.00085662963,2.7893786,-1.4994879
801,2.7929885,0.00085918186,2.7928443,-1.4994861
802,2.796389,0.0008609557,2.79622,-1.4994863
803,2.7998865,0.00086477445,2.7997465,-1.4994802
804,2.8034732,0.00086663844,2.8033295,-1.499481
805,2.806938,0.00086902804,2.8067875,-1.4994786
806,2.8103282,0.00087094435,2.810191,-1.4994782
807,2.813841,0.00087536883,2.8136957,-1.4994736
808,2.8174262,0.00087616016,2.817277,-1.4994725
809,2.8208911,0.00087875134,2.8207421,-1.4994704
810,2.8242772,0.0008807152,2.8241436,-1.4994695
811,2.8277948,0.00088530395,2.827647,-1.4994657
812,2.8313813,0.00088595087,2.8312328,-1.4994648
813,2.8348444,0.0008886985,2.8346953,-1.4994627
814,2.838238,0.000890377,2.8380928,-1.4994615
815,2.8417416,0.00089482544,2.8415923,-1.4994577
816,2.8453283,0.000896675,2.8451793,-1.4994563
817,2.8487895,0.00089937216,2.8486414,-1.4994541
818,2.8521864,0.0009004903,2.852037,-1.499453
819,2.8556905,0.0009051059,2.8555484,-1.4994487
820,2.859277,0.0009056157,2.8591344,-1.4994485
821,2.8627386,0.0009085755,2.8625927,-1.499446
822,2.8661404,0.0009101209,2.865996,-1.4994453
823,2.8696394,0.00091359095,2.8694994,-1.4994402
824,2.8732262,0.00091561215,2.8730838,-1.4994392
825,2.8766904,0.0009177006,2.87655,-1.4994367
826,2.8800766,0.0009200796,2.879947,-1.4994354
827,2.883595,0.0009248917,2.8834498,-1.4994314
828,2.8871777,0.00092463964,2.8870358,-1.4994296
829,2.8906367,0.0009277688,2.8905003,-1.4994277
830,2.8940375,0.000928758,2.8938813,-1.4994262
831,2.8975365,0.0009332184,2.8974087,-1.4994209
832,2.9011235,0.00093745627,2.9009848,-1.4994209
833,2.9045863,0.0009384761,2.9044518,-1.4994179
834,2.9079652,0.0009389362,2.9078283,-1.4994179
835,2.911502,0.000946924,2.9113572,-1.4994115
836,2.9150753,0.0009479189,2.914933,-1.4994105
837,2.91855,0.0009503637,2.9183948,-1.4994079
838,2.9219255,0.00095229916,2.9217803,-1.4994067
839,2.925454,0.00095930224,2.9252985,-1.4994017
840,2.9290292,0.0009598788,2.928879,-1.499402
841,2.9324906,0.0009628859,2.93234,-1.4994
842,2.9358883,0.0009644891,2.9357455,-1.4993981
843,2.9393919,0.0009688141,2.9392447,-1.4993949
844,2.942977,0.00097125384,2.942832,-1.4993935
845,2.9464433,0.0009733989,2.9462962,-1.4993911
846,2.94982,0.0009741303,2.9496863,-1.4993894
847,2.9533474,0.000981197,2.9532,-1.4993852
848,2.9569235,0.0009826906,2.956784,-1.4993844
849,2.9603846,0.0009857117,2.9602408,-1.4993815
850,2.9637723,0.0009879379,2.9636402,-1.4993806
851,2.9672856,0.0009928824,2.9671466,-1.499377
852,2.9708703,0.0009939285,2.9707344,-1.4993758
853,2.974331,0.0009969774,2.9741979,-1.4993733
854,2.9777312,0.0009988138,2.9775953,-1.4993722
855,2.9812307,0.0010031178,2.9810982,-1.4993681
856,2.984817,0.001005168,2.9846823,-1.4993665
857,2.9882798,0.0010081732,2.9881446,-1.4993637
858,2.9916866,0.0010097008,2.9915352,-1.499362
859,2.9951909,0.0010152567,2.995046,-1.4993573
860,2.998775,0.0010169207,2.9986284,-1.4993565
861,3.0022411,0.001019771,3.0020866,-1.499354
862,3.005637,0.0010216595,3.005496,-1.4993526
863,3.0091405,0.0010265198,3.0089996,-1.4993471
864,3.012724,0.0010275518,3.0125887,-1.4993458
865,3.016184,0.0010308146,3.0160565,-1.4993434
866,3.019584,0.0010321473,3.0194335,-1.499343
867,3.0230815,0.0010365708,3.022961,-1.4993364
868,3.0266674,0.0010386684,3.0265386,-1.4993347
869,3.0301325,0.001041207,3.030001,-1.4993322
870,3.0335193,0.0010435894,3.0333982,-1.4993308
871,3.037038,0.001048489,3.0369031,-1.499326
872,3.0406175,0.001049967,3.040486,-1.4993253
873,3.0440822,0.001053537,3.0439487,-1.499323
874,3.0474863,0.001055343,3.0473595,-1.4993217
875,3.0509915,0.0010594054,3.0508575,-1.4993179
876,3.054579,0.00106092,3.0544434,-1.4993134
877,3.0580401,0.001064167,3.0579035,-1.4993129
878,3.0614376,0.0010659436,3.0612814,-1.4993134
879,3.0649397,0.0010707537,3.0648081,-1.499307
880,3.0685246,0.0010723751,3.0683894,-1.4993049
881,3.071985,0.0010755679,3.0718534,-1.4993024
882,3.0753841,0.0010771167,3.0752509,-1.4993011
883,3.0788903,0.0010817348,3.0787594,-1.4992961
884,3.0824766,0.001084124,3.0823443,-1.499295
885,3.0859404,0.0010870887,3.085807,-1.4992923
886,3.0893404,0.0010893327,3.08921,-1.499291
887,3.092839,0.0010937502,3.0927105,-1.499287
888,3.096425,0.001095676,3.0962973,-1.499286
889,3.0998905,0.0010984133,3.0997593,-1.4992833
890,3.103267,0.0010995644,3.103164,-1.4992814
891,3.1067905,0.0011061901,3.1066732,-1.4992768
892,3.1103678,0.0011073751,3.110259,-1.4992752
893,3.1138277,0.0011109369,3.113723,-1.4992723
894,3.1172345,0.001112741,3.117124,-1.4992706
895,3.1207347,0.0011179522,3.1206245,-1.4992661
896,3.1243224,0.0011220688,3.1242092,-1.4992639
897,3.127785,0.0011232315,3.1276739,-1.4992608
898,3.1311662,0.0011255185,3.1310606,-1.4992586
899,3.134698,0.0011329,3.1345794,-1.4992539
900,3.1382732,0.0011332143,3.1381638,-1.4992527
901,3.141742,0.001137351,3.1416261,-1.4992495
902,3.1451216,0.0011389216,3.1450257,-1.4992479
903,3.1486435,0.0011451076,3.1485298,-1.4992433
904,3.152222,0.0011464286,3.1521146,-1.4992411
905,3.1556823,0.0011500767,3.1555805,-1.4992385
906,3.1590862,0.0011516844,3.1589637,-1.4992379
907,3.162591,0.0011569723,3.1624856,-1.4992318
908,3.1661775,0.0011597626,3.166068,-1.4992307
909,3.1696424,0.0011626183,3.1695297,-1.4992282
910,3.173025,0.001165418,3.1729372,-1.4992266
911,3.1765463,0.0011711799,3.1764417,-1.4992219
912,3.1801295,0.0011719193,3.1800294,-1.4992185
913,3.1835883,0.001175248,3.1834939,-1.4992175
914,3.1869907,0.0011771339,3.1868815,-1.4992146
915,3.1904945,0.001181364,3.190401,-1.4992089
916,3.1940804,0.0011835131,3.1939852,-1.4992079
917,3.1975462,0.0011865083,3.1974514,-1.4992046
918,3.2009327,0.0011889656,3.200838,-1.4992026
919,3.2044508,0.0011944913,3.2043521,-1.4991975
920,3.2080343,0.0011955765,3.2079341,-1.4991968
921,3.2114947,0.0011992592,3.2113955,-1.499194
922,3.214892,0.0012009662,3.2148066,-1.499192
923,3.2184,0.0012059542,3.2183142,-1.499185
924,3.2219858,0.0012078978,3.2218986,-1.4991832
925,3.2254484,0.0012105044,3.2253678,-1.4991801
926,3.2288358,0.0012131642,3.2287445,-1.4991795
927,3.2323544,0.0012187513,3.2322733,-1.499172
928,3.2359385,0.001218625,3.2358475,-1.4991698
929,3.2393935,0.0012224144,3.2393093,-1.4991667
930,3.2427716,0.0012247728,3.2426963,-1.4991646
931,3.2462947,0.0012307543,3.2462096,-1.49916
932,3.2498715,0.0012324357,3.2497902,-1.4991575
933,3.2533357,0.0012361428,3.2532537,-1.4991547
934,3.2567263,0.0012388168,3.256654,-1.4991523
935,3.260239,0.0012438459,3.2601583,-1.499148
936,3.263822,0.0012462812,3.2637446,-1.4991466
937,3.2672868,0.0012495734,3.2672095,-1.4991438
938,3.2706704,0.0012526417,3.2706175,-1.499142
939,3.274187,0.0012582768,3.2741253,-1.4991369
940,3.2777693,0.0012588402,3.2777128,-1.4991329
941,3.2812293,0.0012623846,3.2811775,-1.499131
942,3.284632,0.0012643045,3.2845716,-1.4991289
943,3.2881336,0.0012690785,3.2880878,-1.4991237
944,3.291721,0.0012717389,3.291673,-1.4991229
945,3.295186,0.0012749388,3.295137,-1.49912
946,3.2985768,0.0012778671,3.29854,-1.4991175
947,3.3020864,0.0012831305,3.3020387,-1.499113
948,3.3056715,0.0012849693,3.3056254,-1.4991107
949,3.3091319,0.0012887751,3.3090901,-1.4991078
950,3.3125353,0.0012906934,3.3124983,-1.4991057
951,3.3160331,0.0012955363,3.3160055,-1.4991001
952,3.3196194,0.0012989234,3.319591,-1.4990972
953,3.3230836,0.0013022117,3.3230572,-1.4990945
954,3.3264744,0.0013050901,3.3264391,-1.499092
955,3.3299887,0.0013101264,3.3299623,-1.499086
956,3.3335733,0.0013126424,3.3335397,-1.4990853
957,3.3370337,0.0013163468,3.3370044,-1.4990824
958,3.340442,0.0013187794,3.3404064,-1.499081
959,3.3439407,0.0013242086,3.3439126,-1.4990757
960,3.3475292,0.0013282918,3.347496,-1.4990731
961,3.350997,0.0013305794,3.3509648,-1.4990705
962,3.354387,0.0013341235,3.3543382,-1.4990696
963,3.3579063,0.0013406806,3.3578663,-1.4990618
964,3.3614914,0.0013416653,3.361442,-1.4990596
965,3.3649507,0.001345193,3.3649063,-1.4990563
966,3.3683589,0.0013476775,3.3683069,-1.4990544
967,3.371863,0.0013531119,3.3718152,-1.4990499
968,3.3754497,0.0013588535,3.375402,-1.4990464
969,3.3789117,0.0013600036,3.3788674,-1.4990441
970,3.3823035,0.0013636966,3.3822474,-1.4990425
971,3.3858147,0.0013688195,3.385772,-1.4990352
972,3.3893995,0.0013712781,3.3893497,-1.499033
973,3.3928635,0.0013738611,3.3928137,-1.4990296
974,3.396245,0.0013749768,3.3961997,-1.4990274
975,3.3997715,0.0013821606,3.399716,-1.4990216
976,3.403347,0.0013847457,3.4032955,-1.49902
977,3.406811,0.0013889429,3.4067543,-1.499017
978,3.4101946,0.0013916825,3.410161,-1.4990141
979,3.4137146,0.0013976996,3.4136608,-1.4990095
980,3.4172957,0.0013994465,3.4172482,-1.4990051
981,3.420757,0.0014032496,3.4207149,-1.499003
982,3.424146,0.0014066417,3.4240992,-1.4990005
983,3.4276614,0.0014121472,3.427619,-1.4989936
984,3.4312475,0.0014132417,3.4312031,-1.4989896
985,3.4347072,0.0014167182,3.4346697,-1.4989874
986,3.438094,0.0014195981,3.4380543,-1.4989847
987,3.4416096,0.0014253915,3.441569,-1.4989786
988,3.4451866,0.0014268968,3.445155,-1.4989756
989,3.4486475,0.001430446,3.4486208,-1.4989729
990,3.4520402,0.0014340921,3.452007,-1.49897
991,3.4555538,0.0014390959,3.4555259,-1.4989642
992,3.4591382,0.001440062,3.4591067,-1.4989632
993,3.4625993,0.001443881,3.4625678,-1.4989593
994,3.4659927,0.0014472639,3.4659748,-1.498957
995,3.4695046,0.0014523873,3.4694755,-1.4989519
996,3.4730875,0.0014539288,3.4730628,-1.4989476
997,3.476548,0.0014579045,3.4765267,-1.4989457
998,3.4799356,0.0014608467,3.4799216,-1.4989427
999,3.4834523,0.0014670123,3.4834373,-1.4989363
1000,3.4870358,0.001469109,3.487025,-1.4989296
1001,3.490497,0.0014727237,3.4904864,-1.4989285
1002,3.4938788,0.0014761491,3.4938645,-1.4989274
1003,3.4974024,0.0014823321,3.4973886,-1.4989206
1004,3.5009797,0.0014835591,3.5009692,-1.4989187
1005,3.504442,0.0014870572,3.5044305,-1.4989151
1006,3.5078273,0.0014904676,3.5078397,-1.4989126
1007,3.5113525,0.0014964705,3.511339,-1.4989074
1008,3.5149279,0.0014976735,3.5149264,-1.4989032
1009,3.518395,0.0015017631,3.5183923,-1.498901
1010,3.5217736,0.0015035272,3.5217812,-1.4988983
1011,3.5252988,0.0015114197,3.5252976,-1.4988915
1012,3.5288732,0.001514076,3.5288856,-1.4988866
1013,3.5323336,0.0015184667,3.5323539,-1.4988846
1014,3.535735,0.0015207713,3.535751,-1.498881
1015,3.5392354,0.0015261321,3.5392637,-1.4988753
1016,3.5428207,0.001528297,3.5428543,-1.4988701
1017,3.5462801,0.0015320113,3.5463147,-1.498868
1018,3.5496814,0.001535115,3.5496964,-1.4988651
1019,3.5531807,0.0015407901,3.5532157,-1.4988582
1020,3.5567667,0.0015446764,3.556804,-1.4988524
1021,3.5602326,0.0015483836,3.5602648,-1.4988512
1022,3.5636199,0.0015516527,3.563665,-1.4988478
1023,3.5671384,0.0015577005,3.5671635,-1.4988433
1024,3.5707197,0.0015600323,3.5707521,-1.4988403
1025,3.574184,0.0015641395,3.5742185,-1.4988371
1026,3.5775633,0.001566618,3.5776212,-1.498834
1027,3.5810914,0.001573577,3.5811195,-1.4988285
1028,3.5846717,0.0015764122,3.5847044,-1.4988239
1029,3.5881329,0.0015808203,3.5881684,-1.4988217
1030,3.5915337,0.001583765,3.5915656,-1.4988186
1031,3.5950391,0.0015891596,3.5950644,-1.498813
1032,3.5986233,0.0015927214,3.5986505,-1.4988089
1033,3.602086,0.0015962367,3.602114,-1.4988061
1034,3.6054695,0.0015998336,3.6055188,-1.4988025
1035,3.6089911,0.001606346,3.6090238,-1.4987972
1036,3.6125724,0.0016081149,3.6126158,-1.4987948
1037,3.616034,0.0016122888,3.6160781,-1.4987916
1038,3.6194172,0.0016161158,3.6194804,-1.498789
1039,3.6229343,0.0016221503,3.622983,-1.4987831
1040,3.6265113,0.001624064,3.6265705,-1.4987779
1041,3.6299725,0.0016282533,3.630034,-1.4987757
1042,3.6333678,0.0016318671,3.6334238,-1.4987724
1043,3.6368763,0.0016375349,3.6369414,-1.4987651
1044,3.6404626,0.001640348,3.6405282,-1.4987592
1045,3.643922,0.0016441472,3.6439874,-1.4987574
1046,3.6473136,0.0016472396,3.6473584,-1.4987569
1047,3.6508236,0.0016533958,3.6508887,-1.4987488
1048,3.6544065,0.0016558685,3.6544697,-1.4987458
1049,3.65787,0.0016598178,3.6579342,-1.4987423
1050,3.6612563,0.0016634553,3.6613276,-1.4987391
1051,3.6647775,0.0016700199,3.6648405,-1.4987322
1052,3.6683524,0.0016715933,3.6684253,-1.4987295
1053,3.6718194,0.0016760412,3.67189,-1.4987261
1054,3.6752002,0.0016788817,3.675272,-1.4987227
1055,3.6787257,0.0016865804,3.6787918,-1.4987162
1056,3.6823022,0.0016896579,3.682374,-1.4987146
1057,3.6857631,0.0016942427,3.6858363,-1.4987103
1058,3.6891649,0.0016975328,3.689239,-1.4987073
1059,3.6926677,0.0017031197,3.6927402,-1.4987022
1060,3.6962552,0.0017067678,3.696327,-1.4986985
1061,3.6997201,0.0017104705,3.6997917,-1.4986955
1062,3.703094,0.0017111871,3.7031713,-1.4986941
1063,3.706622,0.0017192102,3.7066991,-1.4986863
1064,3.7102022,0.0017235492,3.7102811,-1.4986836
1065,3.7136655,0.0017271517,3.7137449,-1.4986799
1066,3.7170634,0.001730725,3.7171295,-1.498678
1067,3.72056,0.0017381209,3.7206526,-1.49867
1068,3.7241495,0.0017407264,3.724233,-1.4986675
1069,3.727609,0.0017453769,3.7276928,-1.4986628
1070,3.7310054,0.001748278,3.7310967,-1.49866
1071,3.7345064,0.0017545123,3.7346025,-1.4986535
1072,3.7380924,0.0017590974,3.7381878,-1.4986513
1073,3.7415564,0.001762521,3.7416496,-1.4986466
1074,3.744945,0.0017668211,3.7450438,-1.4986434
1075,3.7484703,0.0017738313,3.7485569,-1.4986374
1076,3.7520583,0.0017761491,3.7521386,-1.4986341
1077,3.7555203,0.0017805342,3.7555969,-1.4986298
1078,3.758907,0.0017842907,3.75898,-1.4986264
1079,3.7624242,0.001790937,3.762502,-1.4986192
1080,3.766006,0.0017941183,3.7660844,-1.498617
1081,3.7694714,0.0017986217,3.7695472,-1.4986125
1082,3.7728517,0.0018006316,3.7729354,-1.4986087
1083,3.7763708,0.0018086229,3.7764502,-1.498602
1084,3.7799482,0.0018117884,3.7800355,-1.4985996
1085,3.783412,0.0018164632,3.7834961,-1.4985954
1086,3.7867973,0.0018201147,3.7868958,-1.4985923
1087,3.7903175,0.0018275423,3.7904012,-1.498586
1088,3.7939003,0.0018306186,3.7939935,-1.4985828
1089,3.7973614,0.0018352765,3.7974553,-1.4985788
1090,3.8007522,0.0018394946,3.8008575,-1.4985756
1091,3.80427,0.0018463992,3.8043566,-1.4985691
1092,3.8078527,0.001849014,3.8079448,-1.4985638
1093,3.8113117,0.0018539297,3.8114054,-1.4985613
1094,3.814706,0.0018575259,3.8148034,-1.4985566
1095,3.8182151,0.0018647028,3.8183138,-1.4985496
1096,3.821799,0.0018676552,3.821901,-1.4985464
1097,3.825257,0.0018726534,3.8253639,-1.4985422
1098,3.8286376,0.0018753277,3.8287568,-1.4985384
1099,3.8321645,0.0018840452,3.832273,-1.498531
1100,3.8357377,0.0018864359,3.8358555,-1.4985268
1101,3.8392005,0.001891709,3.839318,-1.4985222
1102,3.8425817,0.0018956804,3.8427129,-1.4985178
1103,3.8461063,0.0019034755,3.846225,-1.4985112
1104,3.8496847,0.001906724,3.849813,-1.4985087
1105,3.853146,0.0019117612,3.8532746,-1.498504
1106,3.856536,0.0019161144,3.8566592,-1.4985
1107,3.8600497,0.0019230165,3.8601825,-1.4984926
1108,3.8636348,0.001925271,3.8637617,-1.4984903
1109,3.8670914,0.0019305098,3.8672245,-1.4984853
1110,3.8704786,0.0019346335,3.8706107,-1.4984812
1111,3.8739984,0.0019416584,3.874126,-1.4984742
1112,3.8775816,0.0019449345,3.8777072,-1.4984716
1113,3.8810434,0.0019496966,3.881167,-1.4984664
1114,3.884436,0.0019545236,3.8845663,-1.4984624
1115,3.887953,0.0019614652,3.8880653,-1.4984564
1116,3.8915374,0.0019644988,3.8916533,-1.498453
1117,3.895,0.0019695752,3.8951151,-1.4984485
1118,3.8983939,0.0019746458,3.898513,-1.4984455
1119,3.9019113,0.0019816074,3.9020193,-1.4984384
1120,3.9054952,0.0019839646,3.9056044,-1.4984322
1121,3.9089558,0.0019891353,3.9090672,-1.4984293
1122,3.9123538,0.0019925649,3.9124594,-1.4984256
1123,3.9158597,0.0019996224,3.9159818,-1.4984175
1124,3.9194458,0.0020026593,3.9195673,-1.4984139
1125,3.9229045,0.0020079375,3.9230294,-1.4984099
1126,3.9263072,0.0020116004,3.926432,-1.4984059
1127,3.9298131,0.0020179322,3.9299378,-1.498398
1128,3.933396,0.0020220708,3.9335263,-1.498394
1129,3.9368556,0.0020273556,3.9369903,-1.4983897
1130,3.9402537,0.0020311156,3.94037,-1.4983882
1131,3.943758,0.0020380819,3.9438996,-1.4983797
1132,3.9473422,0.0020412903,3.9474819,-1.4983752
1133,3.9508042,0.0020461238,3.9509454,-1.4983705
1134,3.954196,0.0020508585,3.9543343,-1.4983661
1135,3.9577146,0.0020579612,3.9578536,-1.4983591
1136,3.961295,0.0020616644,3.9614396,-1.4983567
1137,3.9647574,0.0020669065,3.9648957,-1.4983512
1138,3.9681482,0.0020714474,3.9682758,-1.498347
1139,3.971663,0.002078176,3.9717965,-1.4983399
1140,3.9752455,0.002081006,3.975379,-1.4983374
1141,3.978706,0.0020862943,3.9788404,-1.4983324
1142,3.982092,0.0020908394,3.982237,-1.4983284
1143,3.9856112,0.0020978362,3.9857416,-1.4983213
1144,3.989194,0.0021014747,3.9893255,-1.4983172
1145,3.9926565,0.002106675,3.9927886,-1.4983125
1146,3.99604,0.002111499,3.99617,-1.4983082
1147,3.9995635,0.0021190967,3.9996896,-1.4983008
1148,4.0031443,0.0021230143,4.003272,-1.4982969
1149,4.006608,0.00212832,4.006736,-1.4982922
1150,4.0099936,0.0021329615,4.010115,-1.4982895
1151,4.013512,0.0021404973,4.013636,-1.498281
1152,4.0170956,0.00214295,4.017217,-1.4982773
1153,4.0205517,0.0021488164,4.0206776,-1.4982721
1154,4.023929,0.002153218,4.024081,-1.498268
1155,4.027451,0.0021610528,4.027589,-1.4982618
1156,4.0310307,0.0021654074,4.03118,-1.4982584
1157,4.0344896,0.002170532,4.034642,-1.4982538
1158,4.037889,0.002174523,4.038041,-1.4982499
1159,4.0413938,0.0021813249,4.041545,-1.4982423
1160,4.04498,0.0021857696,4.045132,-1.4982389
1161,4.0484443,0.0021906036,4.0485935,-1.4982338
1162,4.051821,0.0021926805,4.0519743,-1.4982295
1163,4.055349,0.002201093,4.0554953,-1.4982215
1164,4.058925,0.0022073186,4.0590754,-1.4982182
1165,4.06239,0.0022107656,4.0625362,-1.4982133
1166,4.06578,0.0022157086,4.065926,-1.4982082
1167,4.069298,0.002224505,4.0694394,-1.4982003
1168,4.0728836,0.0022317737,4.073027,-1.4981968
1169,4.0763397,0.0022344985,4.076485,-1.4981917
1170,4.079737,0.0022396557,4.0798707,-1.4981872
1171,4.083238,0.0022466884,4.08339,-1.4981791
1172,4.086824,0.0022512635,4.086974,-1.4981759
1173,4.09029,0.0022565527,4.0904326,-1.4981705
1174,4.093672,0.0022600875,4.0938334,-1.4981662
1175,4.0971937,0.0022689025,4.0973353,-1.4981592
1176,4.1007757,0.0022737633,4.1009216,-1.4981533
1177,4.104238,0.002278864,4.1043854,-1.4981496
1178,4.107624,0.0022840349,4.1077843,-1.4981444
1179,4.1111417,0.0022918803,4.1112905,-1.4981365
1180,4.114724,0.0022956461,4.114879,-1.4981308
1181,4.1181846,0.0023013088,4.118341,-1.4981266
1182,4.1215787,0.0023065421,4.121743,-1.4981215
1183,4.1250906,0.002314002,4.125247,-1.4981133
1184,4.128674,0.0023177664,4.128836,-1.4981085
1185,4.13213,0.0023238969,4.132302,-1.4981039
1186,4.13552,0.0023288426,4.135679,-1.4981009
1187,4.139037,0.0023365251,4.1392207,-1.4980897
1188,4.142621,0.0023398672,4.1427903,-1.4980859
1189,4.1460805,0.0023458607,4.1462636,-1.4980803
1190,4.149481,0.0023501848,4.14966,-1.4980752
1191,4.1529846,0.0023571774,4.153168,-1.4980675
1192,4.156573,0.0023626825,4.156756,-1.4980614
1193,4.160037,0.0023675277,4.1602187,-1.4980582
1194,4.1634192,0.002371059,4.163614,-1.4980526
1195,4.1669436,0.0023804933,4.1671224,-1.498045
1196,4.1705227,0.0023850263,4.1707115,-1.4980397
1197,4.173985,0.0023907656,4.1741734,-1.498035
1198,4.177371,0.0023958676,4.1775765,-1.4980295
1199,4.180893,0.0024039517,4.181079,-1.4980206
1200,4.184462,0.0024061205,4.184673,-1.4980161
1201,4.187907,0.0024127227,4.1881347,-1.49801
1202,4.1913066,0.0024171195,4.1915197,-1.4980055
1203,4.194807,0.0024242238,4.1950355,-1.4979978
1204,4.1983943,0.0024286986,4.1986184,-1.4979941
1205,4.2018585,0.0024343596,4.2020802,-1.4979888
1206,4.2052474,0.0024395173,4.205483,-1.4979845
1207,4.2087674,0.002447289,4.2089853,-1.4979765
1208,4.2123466,0.0024514706,4.212574,-1.4979692
1209,4.215811,0.0024571277,4.2160387,-1.4979652
1210,4.219189,0.0024608043,4.2194324,-1.4979599
1211,4.2227154,0.002470453,4.222949,-1.4979507
1212,4.2262964,0.00247437,4.2265377,-1.4979429
1213,4.2297525,0.0024806163,4.2300005,-1.4979389
1214,4.233135,0.0024861072,4.233391,-1.497934
1215,4.236659,0.002494523,4.236905,-1.4979253
1216,4.240238,0.0024983315,4.2404914,-1.4979159
1217,4.2437,0.0025043252,4.2439513,-1.4979124
1218,4.2470846,0.002509646,4.247339,-1.4979066
1219,4.250602,0.0025178366,4.2508593,-1.4978983
1220,4.25418,0.002522101,4.2544446,-1.4978952
1221,4.2576413,0.0025281867,4.257904,-1.497889
1222,4.261026,0.00253363,4.2613134,-1.4978845
1223,4.2645435,0.002541984,4.2648163,-1.4978765
1224,4.2681236,0.0025467495,4.268402,-1.4978684
1225,4.271586,0.0025526732,4.271866,-1.4978645
1226,4.274981,0.0025574958,4.2752566,-1.4978594
1227,4.2784944,0.0025658503,4.2787733,-1.4978502
1228,4.2820854,0.0025707423,4.282361,-1.4978422
1229,4.285549,0.002576549,4.2858233,-1.4978381
1230,4.288935,0.002582155,4.2892165,-1.4978333
1231,4.2924557,0.0025906293,4.2927256,-1.497825
1232,4.296037,0.0025944312,4.2963076,-1.497817
1233,4.2995,0.002600446,4.299769,-1.4978131
1234,4.3028917,0.0026065165,4.3031554,-1.4978071
1235,4.3064055,0.0026144767,4.306674,-1.4977987
1236,4.309991,0.0026189962,4.31026,-1.497794
1237,4.313451,0.002625263,4.3137193,-1.4977878
1238,4.3168583,0.0026303602,4.3171163,-1.497783
1239,4.3203654,0.0026387903,4.3206205,-1.4977747
1240,4.323953,0.0026446062,4.3242087,-1.4977694
1241,4.32742,0.0026503173,4.3276715,-1.4977636
1242,4.3308034,0.0026551879,4.3310633,-1.4977585
1243,4.3343368,0.0026658073,4.3345814,-1.4977494
1244,4.3379107,0.0026693875,4.3381643,-1.4977446
1245,4.3413787,0.0026761203,4.3416247,-1.4977381
1246,4.3447666,0.0026811874,4.3450294,-1.4977335
1247,4.348289,0.002690738,4.34853,-1.4977264
1248,4.35187,0.0026959549,4.352119,-1.4977212
1249,4.3553305,0.0027021782,4.3555813,-1.4977156
1250,4.3587136,0.0027075955,4.3589664,-1.4977101
1251,4.3622346,0.0027161443,4.36249,-1.4977015
1252,4.3658156,0.0027205376,4.366072,-1.4976972
1253,4.3692784,0.0027267875,4.3695364,-1.4976912
1254,4.3726673,0.002732405,4.3729286,-1.4976854
1255,4.376187,0.0027403305,4.3764453,-1.4976759
1256,4.3797665,0.0027445436,4.380028,-1.4976716
1257,4.3832297,0.0027509963,4.3834906,-1.4976661
1258,4.38662,0.0027570545,4.386881,-1.4976602
1259,4.390132,0.0027648222,4.3904014,-1.4976501
1260,4.3937125,0.0027684066,4.3939834,-1.4976463
1261,4.397173,0.0027748742,4.3974457,-1.4976403
1262,4.4005766,0.0027798833,4.4008408,-1.4976343
1263,4.404078,0.0027878652,4.404356,-1.4976262
1264,4.407665,0.0027923533,4.4079375,-1.497622
1265,4.411128,0.002798586,4.411401,-1.4976163
1266,4.414517,0.0028043457,4.414789,-1.4976107
1267,4.418032,0.0028128051,4.4183106,-1.4976027
1268,4.421612,0.0028178736,4.421892,-1.4975979
1269,4.425076,0.0028244474,4.425354,-1.4975916
1270,4.4284606,0.0028281296,4.428738,-1.4975859
1271,4.431971,0.0028370428,4.432256,-1.4975774
1272,4.435554,0.0028436019,4.4358387,-1.4975739
1273,4.4390197,0.0028489758,4.4392977,-1.4975675
1274,4.4423947,0.002853694,4.4426994,-1.4975626
1275,4.4459357,0.0028659317,4.446205,-1.4975548
1276,4.449508,0.002870833,4.449792,-1.4975482
1277,4.4529805,0.0028772184,4.453254,-1.497543
1278,4.4563684,0.0028822168,4.4566545,-1.4975373
1279,4.4598846,0.0028910886,4.460163,-1.4975284
1280,4.463468,0.002897813,4.4637513,-1.4975228
1281,4.466932,0.0029032312,4.4672184,-1.4975176
1282,4.4703298,0.0029088205,4.470612,-1.4975121
1283,4.473832,0.0029177186,4.4741306,-1.4975027
1284,4.47742,0.0029249606,4.4777193,-1.4974937
1285,4.4808836,0.0029306225,4.48118,-1.4974903
1286,4.484266,0.0029368373,4.4845743,-1.4974836
1287,4.4877853,0.002945816,4.4880843,-1.4974751
1288,4.491368,0.0029514642,4.49167,-1.4974704
1289,4.4948306,0.0029580488,4.4951315,-1.4974643
1290,4.498226,0.0029643902,4.4985228,-1.4974582
1291,4.5017447,0.0029730545,4.5020394,-1.49745
1292,4.505329,0.0029772646,4.505625,-1.4974456
1293,4.508787,0.002984282,4.509087,-1.4974393
1294,4.5121903,0.002989016,4.512477,-1.4974332
1295,4.515692,0.002996846,4.515996,-1.4974247
1296,4.519279,0.003004095,4.519581,-1.4974202
1297,4.5227427,0.0030098422,4.5230374,-1.4974129
1298,4.5261345,0.003016008,4.526415,-1.4974067
1299,4.529649,0.0030261187,4.5299435,-1.4973979
1300,4.5332246,0.003030759,4.5335145,-1.4973934
1301,4.5366955,0.0030372466,4.536983,-1.4973873
1302,4.540088,0.0030446483,4.5403748,-1.4973812
1303,4.543608,0.0030549853,4.543893,-1.4973714
1304,4.547196,0.003061492,4.5474777,-1.4973662
1305,4.550658,0.0030679007,4.5509377,-1.4973594
1306,4.5540404,0.003073786,4.554336,-1.4973544
1307,4.557557,0.0030834882,4.55784,-1.4973459
1308,4.561136,0.0030890468,4.5614247,-1.4973403
1309,4.564595,0.0030958129,4.5648856,-1.497334
1310,4.5679927,0.0031012688,4.5682917,-1.497328
1311,4.571504,0.003111263,4.571792,-1.4973195
1312,4.5750833,0.0031170617,4.575382,-1.4973137
1313,4.5785403,0.0031240718,4.578845,-1.4973078
1314,4.5819273,0.0031302827,4.582239,-1.4973019
1315,4.585441,0.0031386707,4.5857544,-1.4972923
1316,4.5890193,0.0031449245,4.5893407,-1.4972866
1317,4.592493,0.003151011,4.592803,-1.4972806
1318,4.595885,0.0031568394,4.5962057,-1.4972751
1319,4.599405,0.0031660781,4.5997043,-1.4972664
1320,4.6029863,0.0031774642,4.603293,-1.4972588
1321,4.6064425,0.0031822321,4.6067557,-1.4972548
1322,4.60985,0.0031890497,4.6101546,-1.4972476
1323,4.6133504,0.003198183,4.6136613,-1.497239
1324,4.616941,0.0032046186,4.617249,-1.497231
1325,4.6204085,0.0032109816,4.6207104,-1.497226
1326,4.6237907,0.0032161656,4.6241117,-1.4972188
1327,4.6273274,0.003228633,4.6276255,-1.4972104
1328,4.630901,0.003234031,4.6312203,-1.4972024
1329,4.634367,0.003241646,4.6346784,-1.4971981
1330,4.6377525,0.0032476226,4.638072,-1.497191
1331,4.641268,0.0032571708,4.641593,-1.497182
1332,4.644848,0.0032628071,4.645184,-1.4971758
1333,4.648311,0.0032702014,4.6486483,-1.4971691
1334,4.651692,0.0032764496,4.6520357,-1.4971638
1335,4.6552105,0.0032861358,4.655549,-1.4971545
1336,4.6587906,0.0032925084,4.6591387,-1.4971485
1337,4.662252,0.00329976,4.6626024,-1.4971422
1338,4.6656537,0.0033056906,4.6659923,-1.4971362
1339,4.669158,0.0033138313,4.669517,-1.4971256
1340,4.6727467,0.0033200886,4.673101,-1.4971204
1341,4.6762137,0.0033268118,4.676566,-1.4971135
1342,4.679608,0.0033331811,4.6799455,-1.4971086
1343,4.6831293,0.0033435284,4.683477,-1.4970981
1344,4.68671,0.003349457,4.6870604,-1.497092
1345,4.6901736,0.0033565771,4.6905203,-1.4970851
1346,4.6935673,0.0033626698,4.6939244,-1.4970789
1347,4.6970806,0.0033733123,4.6974325,-1.4970706
1348,4.7006674,0.0033798004,4.7010217,-1.4970638
1349,4.7041306,0.0033862728,4.704485,-1.4970577
1350,4.707513,0.0033924803,4.7078767,-1.4970499
1351,4.7110343,0.0034038106,4.711397,-1.4970407
1352,4.7146177,0.0034104963,4.714982,-1.4970353
1353,4.718077,0.0034180372,4.7184434,-1.4970288
1354,4.7214856,0.0034237355,4.7218423,-1.4970236
1355,4.72499,0.0034324904,4.725344,-1.4970139
1356,4.728574,0.0034407182,4.7289357,-1.4970064
1357,4.732038,0.0034457066,4.7323995,-1.4970012
1358,4.735431,0.003453286,4.7357826,-1.4969949
1359,4.7389474,0.003463105,4.7393117,-1.4969839
1360,4.742534,0.0034711165,4.742895,-1.4969782
1361,4.745997,0.0034766498,4.7463565,-1.4969705
1362,4.7493773,0.0034836833,4.7497444,-1.4969645
1363,4.7529135,0.0034953044,4.7532625,-1.496955
1364,4.756495,0.0035012076,4.7568417,-1.4969479
1365,4.759956,0.003508771,4.760304,-1.4969411
1366,4.7633553,0.00351458,4.763687,-1.4969355
1367,4.766861,0.0035243107,4.7671967,-1.4969262
1368,4.7704463,0.0035319743,4.7707787,-1.4969196
1369,4.773912,0.0035388973,4.774244,-1.4969121
1370,4.777285,0.0035424326,4.7776294,-1.496906
1371,4.780813,0.003554232,4.7811522,-1.4968951
1372,4.7843904,0.0035602045,4.784733,-1.4968903
1373,4.7878623,0.0035673222,4.7881937,-1.4968827
1374,4.7912536,0.0035730894,4.7916026,-1.4968766
1375,4.794769,0.0035833549,4.7951045,-1.4968673
1376,4.798354,0.0035933321,4.7986927,-1.4968575
1377,4.8018155,0.0035982418,4.802153,-1.4968532
1378,4.805208,0.0036058372,4.8055577,-1.4968452
1379,4.808722,0.0036158077,4.80906,-1.4968368
1380,4.8123055,0.0036223086,4.8126464,-1.4968299
1381,4.8157697,0.00363018,4.8161106,-1.4968228
1382,4.8191566,0.003637022,4.8194966,-1.4968159
1383,4.822675,0.0036471745,4.823025,-1.4968045
1384,4.8262577,0.003653236,4.8266087,-1.4967986
1385,4.8297195,0.003661222,4.83007,-1.4967914
1386,4.833112,0.0036674503,4.8334694,-1.4967854
1387,4.8366275,0.0036777167,4.836971,-1.4967762
1388,4.8402147,0.0036845568,4.8405547,-1.4967691
1389,4.8436756,0.0036922665,4.844018,-1.4967619
1390,4.8470798,0.0036986172,4.8474097,-1.4967551
1391,4.8505745,0.0037073337,4.850931,-1.4967449
1392,4.854161,0.0037153221,4.854513,-1.4967395
1393,4.8576255,0.0037214102,4.8579774,-1.496732
1394,4.861021,0.0037290559,4.861356,-1.4967271
1395,4.8645372,0.003739246,4.8648767,-1.496716
1396,4.868121,0.0037504642,4.868451,-1.4967084
1397,4.8715835,0.0037552626,4.871916,-1.4967014
1398,4.8749857,0.00376246,4.8753047,-1.4966949
1399,4.8784847,0.0037716762,4.878811,-1.4966854
1400,4.8820734,0.003778596,4.8823953,-1.4966798
1401,4.8855376,0.0037857064,4.8858566,-1.4966722
1402,4.888934,0.0037937167,4.8892455,-1.496666
1403,4.8924503,0.003803876,4.892766,-1.4966553
1404,4.8960357,0.0038105156,4.8963466,-1.4966487
1405,4.8995004,0.0038183639,4.899811,-1.496641
1406,4.9028864,0.003825814,4.9031997,-1.496634
